city_geocode,city,code
110100,北京市,110100
110100,北京市,110100
110100,北京市,110100
110100,北京市,110100
110100,北京市,110100
110100,北京市,110100
110100,北京市,110100
110100,北京市,110100
110100,北京市,110100
110100,北京市,110100
110100,北京市,110100
110100,北京市,110100
110100,北京市,110100
110100,北京市,110100
110100,北京市,110100
110100,北京市,110100
110100,北京市,110100
120100,天津市,120100
120100,天津市,120100
120100,天津市,120100
120100,天津市,120100
120100,天津市,120100
120100,天津市,120100
120100,天津市,120100
120100,天津市,120100
120100,天津市,120100
120100,天津市,120100
120100,天津市,120100
120100,天津市,120100
120100,天津市,120100
120100,天津市,120100
120100,天津市,120100
120100,天津市,120100
120100,天津市,120100
130100,石家庄市,130100
130100,石家庄市,130100
130100,石家庄市,130100
130100,石家庄市,130100
130100,石家庄市,130100
130100,石家庄市,130100
130100,石家庄市,130100
130100,石家庄市,130100
130100,石家庄市,130100
130100,石家庄市,130100
130100,石家庄市,130100
130100,石家庄市,130100
130100,石家庄市,130100
130100,石家庄市,130100
130100,石家庄市,130100
130100,石家庄市,130100
130100,石家庄市,130100
130100,石家庄市,130100
130100,石家庄市,130100
130100,石家庄市,130100
130100,石家庄市,130100
130100,石家庄市,130100
130100,石家庄市,130100
130200,唐山市,130200
130200,唐山市,130200
130200,唐山市,130200
130200,唐山市,130200
130200,唐山市,130200
130200,唐山市,130200
130200,唐山市,130200
130200,唐山市,130200
130200,唐山市,130200
130200,唐山市,130200
130200,唐山市,130200
130200,唐山市,130200
130200,唐山市,130200
130200,唐山市,130200
130200,唐山市,130200
130300,秦皇岛市,130300
130300,秦皇岛市,130300
130300,秦皇岛市,130300
130300,秦皇岛市,130300
130300,秦皇岛市,130300
130300,秦皇岛市,130300
130300,秦皇岛市,130300
130300,秦皇岛市,130300
130400,邯郸市,130400
130400,邯郸市,130400
130400,邯郸市,130400
130400,邯郸市,130400
130400,邯郸市,130400
130400,邯郸市,130400
130400,邯郸市,130400
130400,邯郸市,130400
130400,邯郸市,130400
130400,邯郸市,130400
130400,邯郸市,130400
130400,邯郸市,130400
130400,邯郸市,130400
130400,邯郸市,130400
130400,邯郸市,130400
130400,邯郸市,130400
130400,邯郸市,130400
130400,邯郸市,130400
130400,邯郸市,130400
130500,邢台市,130500
130500,邢台市,130500
130500,邢台市,130500
130500,邢台市,130500
130500,邢台市,130500
130500,邢台市,130500
130500,邢台市,130500
130500,邢台市,130500
130500,邢台市,130500
130500,邢台市,130500
130500,邢台市,130500
130500,邢台市,130500
130500,邢台市,130500
130500,邢台市,130500
130500,邢台市,130500
130500,邢台市,130500
130500,邢台市,130500
130500,邢台市,130500
130500,邢台市,130500
130500,邢台市,130500
130600,保定市,130600
130600,保定市,130600
130600,保定市,130600
130600,保定市,130600
130600,保定市,130600
130600,保定市,130600
130600,保定市,130600
130600,保定市,130600
130600,保定市,130600
130600,保定市,130600
130600,保定市,130600
130600,保定市,130600
130600,保定市,130600
130600,保定市,130600
130600,保定市,130600
130600,保定市,130600
130600,保定市,130600
130600,保定市,130600
130600,保定市,130600
130600,保定市,130600
130600,保定市,130600
130600,保定市,130600
130600,保定市,130600
130600,保定市,130600
130600,保定市,130600
130700,张家口市,130700
130700,张家口市,130700
130700,张家口市,130700
130700,张家口市,130700
130700,张家口市,130700
130700,张家口市,130700
130700,张家口市,130700
130700,张家口市,130700
130700,张家口市,130700
130700,张家口市,130700
130700,张家口市,130700
130700,张家口市,130700
130700,张家口市,130700
130700,张家口市,130700
130700,张家口市,130700
130700,张家口市,130700
130700,张家口市,130700
130800,承德市,130800
130800,承德市,130800
130800,承德市,130800
130800,承德市,130800
130800,承德市,130800
130800,承德市,130800
130800,承德市,130800
130800,承德市,130800
130800,承德市,130800
130800,承德市,130800
130800,承德市,130800
130800,承德市,130800
130900,沧州市,130900
130900,沧州市,130900
130900,沧州市,130900
130900,沧州市,130900
130900,沧州市,130900
130900,沧州市,130900
130900,沧州市,130900
130900,沧州市,130900
130900,沧州市,130900
130900,沧州市,130900
130900,沧州市,130900
130900,沧州市,130900
130900,沧州市,130900
130900,沧州市,130900
130900,沧州市,130900
130900,沧州市,130900
130900,沧州市,130900
131000,廊坊市,131000
131000,廊坊市,131000
131000,廊坊市,131000
131000,廊坊市,131000
131000,廊坊市,131000
131000,廊坊市,131000
131000,廊坊市,131000
131000,廊坊市,131000
131000,廊坊市,131000
131000,廊坊市,131000
131000,廊坊市,131000
131100,衡水市,131100
131100,衡水市,131100
131100,衡水市,131100
131100,衡水市,131100
131100,衡水市,131100
131100,衡水市,131100
131100,衡水市,131100
131100,衡水市,131100
131100,衡水市,131100
131100,衡水市,131100
131100,衡水市,131100
131100,衡水市,131100
140100,太原市,140100
140100,太原市,140100
140100,太原市,140100
140100,太原市,140100
140100,太原市,140100
140100,太原市,140100
140100,太原市,140100
140100,太原市,140100
140100,太原市,140100
140100,太原市,140100
140100,太原市,140100
140200,大同市,140200
140200,大同市,140200
140200,大同市,140200
140200,大同市,140200
140200,大同市,140200
140200,大同市,140200
140200,大同市,140200
140200,大同市,140200
140200,大同市,140200
140200,大同市,140200
140200,大同市,140200
140300,阳泉市,140300
140300,阳泉市,140300
140300,阳泉市,140300
140300,阳泉市,140300
140300,阳泉市,140300
140300,阳泉市,140300
140400,长治市,140400
140400,长治市,140400
140400,长治市,140400
140400,长治市,140400
140400,长治市,140400
140400,长治市,140400
140400,长治市,140400
140400,长治市,140400
140400,长治市,140400
140400,长治市,140400
140400,长治市,140400
140400,长治市,140400
140400,长治市,140400
140500,晋城市,140500
140500,晋城市,140500
140500,晋城市,140500
140500,晋城市,140500
140500,晋城市,140500
140500,晋城市,140500
140500,晋城市,140500
140600,朔州市,140600
140600,朔州市,140600
140600,朔州市,140600
140600,朔州市,140600
140600,朔州市,140600
140600,朔州市,140600
140600,朔州市,140600
140700,晋中市,140700
140700,晋中市,140700
140700,晋中市,140700
140700,晋中市,140700
140700,晋中市,140700
140700,晋中市,140700
140700,晋中市,140700
140700,晋中市,140700
140700,晋中市,140700
140700,晋中市,140700
140700,晋中市,140700
140700,晋中市,140700
140800,运城市,140800
140800,运城市,140800
140800,运城市,140800
140800,运城市,140800
140800,运城市,140800
140800,运城市,140800
140800,运城市,140800
140800,运城市,140800
140800,运城市,140800
140800,运城市,140800
140800,运城市,140800
140800,运城市,140800
140800,运城市,140800
140800,运城市,140800
140900,忻州市,140900
140900,忻州市,140900
140900,忻州市,140900
140900,忻州市,140900
140900,忻州市,140900
140900,忻州市,140900
140900,忻州市,140900
140900,忻州市,140900
140900,忻州市,140900
140900,忻州市,140900
140900,忻州市,140900
140900,忻州市,140900
140900,忻州市,140900
140900,忻州市,140900
140900,忻州市,140900
141000,临汾市,141000
141000,临汾市,141000
141000,临汾市,141000
141000,临汾市,141000
141000,临汾市,141000
141000,临汾市,141000
141000,临汾市,141000
141000,临汾市,141000
141000,临汾市,141000
141000,临汾市,141000
141000,临汾市,141000
141000,临汾市,141000
141000,临汾市,141000
141000,临汾市,141000
141000,临汾市,141000
141000,临汾市,141000
141000,临汾市,141000
141000,临汾市,141000
141100,吕梁市,141100
141100,吕梁市,141100
141100,吕梁市,141100
141100,吕梁市,141100
141100,吕梁市,141100
141100,吕梁市,141100
141100,吕梁市,141100
141100,吕梁市,141100
141100,吕梁市,141100
141100,吕梁市,141100
141100,吕梁市,141100
141100,吕梁市,141100
141100,吕梁市,141100
141100,吕梁市,141100
150100,呼和浩特市,150100
150100,呼和浩特市,150100
150100,呼和浩特市,150100
150100,呼和浩特市,150100
150100,呼和浩特市,150100
150100,呼和浩特市,150100
150100,呼和浩特市,150100
150100,呼和浩特市,150100
150100,呼和浩特市,150100
150100,呼和浩特市,150100
150200,包头市,150200
150200,包头市,150200
150200,包头市,150200
150200,包头市,150200
150200,包头市,150200
150200,包头市,150200
150200,包头市,150200
150200,包头市,150200
150200,包头市,150200
150200,包头市,150200
150300,乌海市,150300
150300,乌海市,150300
150300,乌海市,150300
150300,乌海市,150300
150400,赤峰市,150400
150400,赤峰市,150400
150400,赤峰市,150400
150400,赤峰市,150400
150400,赤峰市,150400
150400,赤峰市,150400
150400,赤峰市,150400
150400,赤峰市,150400
150400,赤峰市,150400
150400,赤峰市,150400
150400,赤峰市,150400
150400,赤峰市,150400
150400,赤峰市,150400
150500,通辽市,150500
150500,通辽市,150500
150500,通辽市,150500
150500,通辽市,150500
150500,通辽市,150500
150500,通辽市,150500
150500,通辽市,150500
150500,通辽市,150500
150500,通辽市,150500
150600,鄂尔多斯市,150600
150600,鄂尔多斯市,150600
150600,鄂尔多斯市,150600
150600,鄂尔多斯市,150600
150600,鄂尔多斯市,150600
150600,鄂尔多斯市,150600
150600,鄂尔多斯市,150600
150600,鄂尔多斯市,150600
150600,鄂尔多斯市,150600
150600,鄂尔多斯市,150600
150700,呼伦贝尔市,150700
150700,呼伦贝尔市,150700
150700,呼伦贝尔市,150700
150700,呼伦贝尔市,150700
150700,呼伦贝尔市,150700
150700,呼伦贝尔市,150700
150700,呼伦贝尔市,150700
150700,呼伦贝尔市,150700
150700,呼伦贝尔市,150700
150700,呼伦贝尔市,150700
150700,呼伦贝尔市,150700
150700,呼伦贝尔市,150700
150700,呼伦贝尔市,150700
150700,呼伦贝尔市,150700
150700,呼伦贝尔市,150700
150800,巴彦淖尔市,150800
150800,巴彦淖尔市,150800
150800,巴彦淖尔市,150800
150800,巴彦淖尔市,150800
150800,巴彦淖尔市,150800
150800,巴彦淖尔市,150800
150800,巴彦淖尔市,150800
150800,巴彦淖尔市,150800
150900,乌兰察布市,150900
150900,乌兰察布市,150900
150900,乌兰察布市,150900
150900,乌兰察布市,150900
150900,乌兰察布市,150900
150900,乌兰察布市,150900
150900,乌兰察布市,150900
150900,乌兰察布市,150900
150900,乌兰察布市,150900
150900,乌兰察布市,150900
150900,乌兰察布市,150900
150900,乌兰察布市,150900
152200,兴安盟,152200
152200,兴安盟,152200
152200,兴安盟,152200
152200,兴安盟,152200
152200,兴安盟,152200
152200,兴安盟,152200
152200,兴安盟,152200
152500,锡林郭勒盟,152500
152500,锡林郭勒盟,152500
152500,锡林郭勒盟,152500
152500,锡林郭勒盟,152500
152500,锡林郭勒盟,152500
152500,锡林郭勒盟,152500
152500,锡林郭勒盟,152500
152500,锡林郭勒盟,152500
152500,锡林郭勒盟,152500
152500,锡林郭勒盟,152500
152500,锡林郭勒盟,152500
152500,锡林郭勒盟,152500
152500,锡林郭勒盟,152500
152900,阿拉善盟,152900
152900,阿拉善盟,152900
152900,阿拉善盟,152900
152900,阿拉善盟,152900
210100,沈阳市,210100
210100,沈阳市,210100
210100,沈阳市,210100
210100,沈阳市,210100
210100,沈阳市,210100
210100,沈阳市,210100
210100,沈阳市,210100
210100,沈阳市,210100
210100,沈阳市,210100
210100,沈阳市,210100
210100,沈阳市,210100
210100,沈阳市,210100
210100,沈阳市,210100
210100,沈阳市,210100
210200,大连市,210200
210200,大连市,210200
210200,大连市,210200
210200,大连市,210200
210200,大连市,210200
210200,大连市,210200
210200,大连市,210200
210200,大连市,210200
210200,大连市,210200
210200,大连市,210200
210200,大连市,210200
210300,鞍山市,210300
210300,鞍山市,210300
210300,鞍山市,210300
210300,鞍山市,210300
210300,鞍山市,210300
210300,鞍山市,210300
210300,鞍山市,210300
210300,鞍山市,210300
210400,抚顺市,210400
210400,抚顺市,210400
210400,抚顺市,210400
210400,抚顺市,210400
210400,抚顺市,210400
210400,抚顺市,210400
210400,抚顺市,210400
210400,抚顺市,210400
210500,本溪市,210500
210500,本溪市,210500
210500,本溪市,210500
210500,本溪市,210500
210500,本溪市,210500
210500,本溪市,210500
210500,本溪市,210500
210600,丹东市,210600
210600,丹东市,210600
210600,丹东市,210600
210600,丹东市,210600
210600,丹东市,210600
210600,丹东市,210600
210600,丹东市,210600
210700,锦州市,210700
210700,锦州市,210700
210700,锦州市,210700
210700,锦州市,210700
210700,锦州市,210700
210700,锦州市,210700
210700,锦州市,210700
210700,锦州市,210700
210800,营口市,210800
210800,营口市,210800
210800,营口市,210800
210800,营口市,210800
210800,营口市,210800
210800,营口市,210800
210800,营口市,210800
210900,阜新市,210900
210900,阜新市,210900
210900,阜新市,210900
210900,阜新市,210900
210900,阜新市,210900
210900,阜新市,210900
210900,阜新市,210900
210900,阜新市,210900
211000,辽阳市,211000
211000,辽阳市,211000
211000,辽阳市,211000
211000,辽阳市,211000
211000,辽阳市,211000
211000,辽阳市,211000
211000,辽阳市,211000
211000,辽阳市,211000
211100,盘锦市,211100
211100,盘锦市,211100
211100,盘锦市,211100
211100,盘锦市,211100
211100,盘锦市,211100
211200,铁岭市,211200
211200,铁岭市,211200
211200,铁岭市,211200
211200,铁岭市,211200
211200,铁岭市,211200
211200,铁岭市,211200
211200,铁岭市,211200
211200,铁岭市,211200
211300,朝阳市,211300
211300,朝阳市,211300
211300,朝阳市,211300
211300,朝阳市,211300
211300,朝阳市,211300
211300,朝阳市,211300
211300,朝阳市,211300
211300,朝阳市,211300
211400,葫芦岛市,211400
211400,葫芦岛市,211400
211400,葫芦岛市,211400
211400,葫芦岛市,211400
211400,葫芦岛市,211400
211400,葫芦岛市,211400
211400,葫芦岛市,211400
220100,长春市,220100
220100,长春市,220100
220100,长春市,220100
220100,长春市,220100
220100,长春市,220100
220100,长春市,220100
220100,长春市,220100
220100,长春市,220100
220100,长春市,220100
220100,长春市,220100
220100,长春市,220100
220200,吉林市,220200
220200,吉林市,220200
220200,吉林市,220200
220200,吉林市,220200
220200,吉林市,220200
220200,吉林市,220200
220200,吉林市,220200
220200,吉林市,220200
220200,吉林市,220200
220200,吉林市,220200
220300,四平市,220300
220300,四平市,220300
220300,四平市,220300
220300,四平市,220300
220300,四平市,220300
220300,四平市,220300
220300,四平市,220300
220400,辽源市,220400
220400,辽源市,220400
220400,辽源市,220400
220400,辽源市,220400
220400,辽源市,220400
220500,通化市,220500
220500,通化市,220500
220500,通化市,220500
220500,通化市,220500
220500,通化市,220500
220500,通化市,220500
220500,通化市,220500
220500,通化市,220500
220600,白山市,220600
220600,白山市,220600
220600,白山市,220600
220600,白山市,220600
220600,白山市,220600
220600,白山市,220600
220600,白山市,220600
220700,松原市,220700
220700,松原市,220700
220700,松原市,220700
220700,松原市,220700
220700,松原市,220700
220700,松原市,220700
220800,白城市,220800
220800,白城市,220800
220800,白城市,220800
220800,白城市,220800
220800,白城市,220800
220800,白城市,220800
222400,延边朝鲜族自治州,222400
222400,延边朝鲜族自治州,222400
222400,延边朝鲜族自治州,222400
222400,延边朝鲜族自治州,222400
222400,延边朝鲜族自治州,222400
222400,延边朝鲜族自治州,222400
222400,延边朝鲜族自治州,222400
222400,延边朝鲜族自治州,222400
222400,延边朝鲜族自治州,222400
230100,哈尔滨市,230100
230100,哈尔滨市,230100
230100,哈尔滨市,230100
230100,哈尔滨市,230100
230100,哈尔滨市,230100
230100,哈尔滨市,230100
230100,哈尔滨市,230100
230100,哈尔滨市,230100
230100,哈尔滨市,230100
230100,哈尔滨市,230100
230100,哈尔滨市,230100
230100,哈尔滨市,230100
230100,哈尔滨市,230100
230100,哈尔滨市,230100
230100,哈尔滨市,230100
230100,哈尔滨市,230100
230100,哈尔滨市,230100
230100,哈尔滨市,230100
230100,哈尔滨市,230100
230200,齐齐哈尔市,230200
230200,齐齐哈尔市,230200
230200,齐齐哈尔市,230200
230200,齐齐哈尔市,230200
230200,齐齐哈尔市,230200
230200,齐齐哈尔市,230200
230200,齐齐哈尔市,230200
230200,齐齐哈尔市,230200
230200,齐齐哈尔市,230200
230200,齐齐哈尔市,230200
230200,齐齐哈尔市,230200
230200,齐齐哈尔市,230200
230200,齐齐哈尔市,230200
230200,齐齐哈尔市,230200
230200,齐齐哈尔市,230200
230200,齐齐哈尔市,230200
230200,齐齐哈尔市,230200
230300,鸡西市,230300
230300,鸡西市,230300
230300,鸡西市,230300
230300,鸡西市,230300
230300,鸡西市,230300
230300,鸡西市,230300
230300,鸡西市,230300
230300,鸡西市,230300
230300,鸡西市,230300
230300,鸡西市,230300
230400,鹤岗市,230400
230400,鹤岗市,230400
230400,鹤岗市,230400
230400,鹤岗市,230400
230400,鹤岗市,230400
230400,鹤岗市,230400
230400,鹤岗市,230400
230400,鹤岗市,230400
230400,鹤岗市,230400
230500,双鸭山市,230500
230500,双鸭山市,230500
230500,双鸭山市,230500
230500,双鸭山市,230500
230500,双鸭山市,230500
230500,双鸭山市,230500
230500,双鸭山市,230500
230500,双鸭山市,230500
230500,双鸭山市,230500
230600,大庆市,230600
230600,大庆市,230600
230600,大庆市,230600
230600,大庆市,230600
230600,大庆市,230600
230600,大庆市,230600
230600,大庆市,230600
230600,大庆市,230600
230600,大庆市,230600
230600,大庆市,230600
230700,伊春市,230700
230700,伊春市,230700
230700,伊春市,230700
230700,伊春市,230700
230700,伊春市,230700
230700,伊春市,230700
230700,伊春市,230700
230700,伊春市,230700
230700,伊春市,230700
230700,伊春市,230700
230700,伊春市,230700
230700,伊春市,230700
230700,伊春市,230700
230700,伊春市,230700
230700,伊春市,230700
230700,伊春市,230700
230700,伊春市,230700
230700,伊春市,230700
230800,佳木斯市,230800
230800,佳木斯市,230800
230800,佳木斯市,230800
230800,佳木斯市,230800
230800,佳木斯市,230800
230800,佳木斯市,230800
230800,佳木斯市,230800
230800,佳木斯市,230800
230800,佳木斯市,230800
230800,佳木斯市,230800
230800,佳木斯市,230800
230900,七台河市,230900
230900,七台河市,230900
230900,七台河市,230900
230900,七台河市,230900
230900,七台河市,230900
231000,牡丹江市,231000
231000,牡丹江市,231000
231000,牡丹江市,231000
231000,牡丹江市,231000
231000,牡丹江市,231000
231000,牡丹江市,231000
231000,牡丹江市,231000
231000,牡丹江市,231000
231000,牡丹江市,231000
231000,牡丹江市,231000
231000,牡丹江市,231000
231100,黑河市,231100
231100,黑河市,231100
231100,黑河市,231100
231100,黑河市,231100
231100,黑河市,231100
231100,黑河市,231100
231100,黑河市,231100
231200,绥化市,231200
231200,绥化市,231200
231200,绥化市,231200
231200,绥化市,231200
231200,绥化市,231200
231200,绥化市,231200
231200,绥化市,231200
231200,绥化市,231200
231200,绥化市,231200
231200,绥化市,231200
231200,绥化市,231200
232700,大兴安岭地区,232700
232700,大兴安岭地区,232700
232700,大兴安岭地区,232700
232700,大兴安岭地区,232700
232700,大兴安岭地区,232700
310100,上海市,310100
310100,上海市,310100
310100,上海市,310100
310100,上海市,310100
310100,上海市,310100
310100,上海市,310100
310100,上海市,310100
310100,上海市,310100
310100,上海市,310100
310100,上海市,310100
310100,上海市,310100
310100,上海市,310100
310100,上海市,310100
310100,上海市,310100
310100,上海市,310100
310100,上海市,310100
310100,上海市,310100
320100,南京市,320100
320100,南京市,320100
320100,南京市,320100
320100,南京市,320100
320100,南京市,320100
320100,南京市,320100
320100,南京市,320100
320100,南京市,320100
320100,南京市,320100
320100,南京市,320100
320100,南京市,320100
320100,南京市,320100
320200,无锡市,320200
320200,无锡市,320200
320200,无锡市,320200
320200,无锡市,320200
320200,无锡市,320200
320200,无锡市,320200
320200,无锡市,320200
320200,无锡市,320200
320300,徐州市,320300
320300,徐州市,320300
320300,徐州市,320300
320300,徐州市,320300
320300,徐州市,320300
320300,徐州市,320300
320300,徐州市,320300
320300,徐州市,320300
320300,徐州市,320300
320300,徐州市,320300
320300,徐州市,320300
320400,常州市,320400
320400,常州市,320400
320400,常州市,320400
320400,常州市,320400
320400,常州市,320400
320400,常州市,320400
320400,常州市,320400
320500,苏州市,320500
320500,苏州市,320500
320500,苏州市,320500
320500,苏州市,320500
320500,苏州市,320500
320500,苏州市,320500
320500,苏州市,320500
320500,苏州市,320500
320500,苏州市,320500
320500,苏州市,320500
320500,苏州市,320500
320600,南通市,320600
320600,南通市,320600
320600,南通市,320600
320600,南通市,320600
320600,南通市,320600
320600,南通市,320600
320600,南通市,320600
320600,南通市,320600
320600,南通市,320600
320700,连云港市,320700
320700,连云港市,320700
320700,连云港市,320700
320700,连云港市,320700
320700,连云港市,320700
320700,连云港市,320700
320700,连云港市,320700
320800,淮安市,320800
320800,淮安市,320800
320800,淮安市,320800
320800,淮安市,320800
320800,淮安市,320800
320800,淮安市,320800
320800,淮安市,320800
320800,淮安市,320800
320900,盐城市,320900
320900,盐城市,320900
320900,盐城市,320900
320900,盐城市,320900
320900,盐城市,320900
320900,盐城市,320900
320900,盐城市,320900
320900,盐城市,320900
320900,盐城市,320900
320900,盐城市,320900
321000,扬州市,321000
321000,扬州市,321000
321000,扬州市,321000
321000,扬州市,321000
321000,扬州市,321000
321000,扬州市,321000
321000,扬州市,321000
321100,镇江市,321100
321100,镇江市,321100
321100,镇江市,321100
321100,镇江市,321100
321100,镇江市,321100
321100,镇江市,321100
321100,镇江市,321100
321200,泰州市,321200
321200,泰州市,321200
321200,泰州市,321200
321200,泰州市,321200
321200,泰州市,321200
321200,泰州市,321200
321200,泰州市,321200
321300,宿迁市,321300
321300,宿迁市,321300
321300,宿迁市,321300
321300,宿迁市,321300
321300,宿迁市,321300
321300,宿迁市,321300
330100,杭州市,330100
330100,杭州市,330100
330100,杭州市,330100
330100,杭州市,330100
330100,杭州市,330100
330100,杭州市,330100
330100,杭州市,330100
330100,杭州市,330100
330100,杭州市,330100
330100,杭州市,330100
330100,杭州市,330100
330100,杭州市,330100
330100,杭州市,330100
330100,杭州市,330100
330200,宁波市,330200
330200,宁波市,330200
330200,宁波市,330200
330200,宁波市,330200
330200,宁波市,330200
330200,宁波市,330200
330200,宁波市,330200
330200,宁波市,330200
330200,宁波市,330200
330200,宁波市,330200
330200,宁波市,330200
330300,温州市,330300
330300,温州市,330300
330300,温州市,330300
330300,温州市,330300
330300,温州市,330300
330300,温州市,330300
330300,温州市,330300
330300,温州市,330300
330300,温州市,330300
330300,温州市,330300
330300,温州市,330300
330300,温州市,330300
330400,嘉兴市,330400
330400,嘉兴市,330400
330400,嘉兴市,330400
330400,嘉兴市,330400
330400,嘉兴市,330400
330400,嘉兴市,330400
330400,嘉兴市,330400
330400,嘉兴市,330400
330500,湖州市,330500
330500,湖州市,330500
330500,湖州市,330500
330500,湖州市,330500
330500,湖州市,330500
330500,湖州市,330500
330600,绍兴市,330600
330600,绍兴市,330600
330600,绍兴市,330600
330600,绍兴市,330600
330600,绍兴市,330600
330600,绍兴市,330600
330600,绍兴市,330600
330700,金华市,330700
330700,金华市,330700
330700,金华市,330700
330700,金华市,330700
330700,金华市,330700
330700,金华市,330700
330700,金华市,330700
330700,金华市,330700
330700,金华市,330700
330700,金华市,330700
330800,衢州市,330800
330800,衢州市,330800
330800,衢州市,330800
330800,衢州市,330800
330800,衢州市,330800
330800,衢州市,330800
330800,衢州市,330800
330900,舟山市,330900
330900,舟山市,330900
330900,舟山市,330900
330900,舟山市,330900
330900,舟山市,330900
331000,台州市,331000
331000,台州市,331000
331000,台州市,331000
331000,台州市,331000
331000,台州市,331000
331000,台州市,331000
331000,台州市,331000
331000,台州市,331000
331000,台州市,331000
331000,台州市,331000
331100,丽水市,331100
331100,丽水市,331100
331100,丽水市,331100
331100,丽水市,331100
331100,丽水市,331100
331100,丽水市,331100
331100,丽水市,331100
331100,丽水市,331100
331100,丽水市,331100
331100,丽水市,331100
340100,合肥市,340100
340100,合肥市,340100
340100,合肥市,340100
340100,合肥市,340100
340100,合肥市,340100
340100,合肥市,340100
340100,合肥市,340100
340100,合肥市,340100
340100,合肥市,340100
340100,合肥市,340100
340200,芜湖市,340200
340200,芜湖市,340200
340200,芜湖市,340200
340200,芜湖市,340200
340200,芜湖市,340200
340200,芜湖市,340200
340200,芜湖市,340200
340200,芜湖市,340200
340200,芜湖市,340200
340300,蚌埠市,340300
340300,蚌埠市,340300
340300,蚌埠市,340300
340300,蚌埠市,340300
340300,蚌埠市,340300
340300,蚌埠市,340300
340300,蚌埠市,340300
340300,蚌埠市,340300
340400,淮南市,340400
340400,淮南市,340400
340400,淮南市,340400
340400,淮南市,340400
340400,淮南市,340400
340400,淮南市,340400
340400,淮南市,340400
340400,淮南市,340400
340500,马鞍山市,340500
340500,马鞍山市,340500
340500,马鞍山市,340500
340500,马鞍山市,340500
340500,马鞍山市,340500
340500,马鞍山市,340500
340500,马鞍山市,340500
340600,淮北市,340600
340600,淮北市,340600
340600,淮北市,340600
340600,淮北市,340600
340600,淮北市,340600
340700,铜陵市,340700
340700,铜陵市,340700
340700,铜陵市,340700
340700,铜陵市,340700
340700,铜陵市,340700
340800,安庆市,340800
340800,安庆市,340800
340800,安庆市,340800
340800,安庆市,340800
340800,安庆市,340800
340800,安庆市,340800
340800,安庆市,340800
340800,安庆市,340800
340800,安庆市,340800
340800,安庆市,340800
340800,安庆市,340800
341000,黄山市,341000
341000,黄山市,341000
341000,黄山市,341000
341000,黄山市,341000
341000,黄山市,341000
341000,黄山市,341000
341000,黄山市,341000
341000,黄山市,341000
341100,滁州市,341100
341100,滁州市,341100
341100,滁州市,341100
341100,滁州市,341100
341100,滁州市,341100
341100,滁州市,341100
341100,滁州市,341100
341100,滁州市,341100
341100,滁州市,341100
341200,阜阳市,341200
341200,阜阳市,341200
341200,阜阳市,341200
341200,阜阳市,341200
341200,阜阳市,341200
341200,阜阳市,341200
341200,阜阳市,341200
341200,阜阳市,341200
341200,阜阳市,341200
341300,宿州市,341300
341300,宿州市,341300
341300,宿州市,341300
341300,宿州市,341300
341300,宿州市,341300
341300,宿州市,341300
341500,六安市,341500
341500,六安市,341500
341500,六安市,341500
341500,六安市,341500
341500,六安市,341500
341500,六安市,341500
341500,六安市,341500
341500,六安市,341500
341600,亳州市,341600
341600,亳州市,341600
341600,亳州市,341600
341600,亳州市,341600
341600,亳州市,341600
341700,池州市,341700
341700,池州市,341700
341700,池州市,341700
341700,池州市,341700
341700,池州市,341700
341800,宣城市,341800
341800,宣城市,341800
341800,宣城市,341800
341800,宣城市,341800
341800,宣城市,341800
341800,宣城市,341800
341800,宣城市,341800
341800,宣城市,341800
350100,福州市,350100
350100,福州市,350100
350100,福州市,350100
350100,福州市,350100
350100,福州市,350100
350100,福州市,350100
350100,福州市,350100
350100,福州市,350100
350100,福州市,350100
350100,福州市,350100
350100,福州市,350100
350100,福州市,350100
350100,福州市,350100
350100,福州市,350100
350200,厦门市,350200
350200,厦门市,350200
350200,厦门市,350200
350200,厦门市,350200
350200,厦门市,350200
350200,厦门市,350200
350200,厦门市,350200
350300,莆田市,350300
350300,莆田市,350300
350300,莆田市,350300
350300,莆田市,350300
350300,莆田市,350300
350300,莆田市,350300
350400,三明市,350400
350400,三明市,350400
350400,三明市,350400
350400,三明市,350400
350400,三明市,350400
350400,三明市,350400
350400,三明市,350400
350400,三明市,350400
350400,三明市,350400
350400,三明市,350400
350400,三明市,350400
350400,三明市,350400
350400,三明市,350400
350500,泉州市,350500
350500,泉州市,350500
350500,泉州市,350500
350500,泉州市,350500
350500,泉州市,350500
350500,泉州市,350500
350500,泉州市,350500
350500,泉州市,350500
350500,泉州市,350500
350500,泉州市,350500
350500,泉州市,350500
350500,泉州市,350500
350500,泉州市,350500
350600,漳州市,350600
350600,漳州市,350600
350600,漳州市,350600
350600,漳州市,350600
350600,漳州市,350600
350600,漳州市,350600
350600,漳州市,350600
350600,漳州市,350600
350600,漳州市,350600
350600,漳州市,350600
350600,漳州市,350600
350600,漳州市,350600
350700,南平市,350700
350700,南平市,350700
350700,南平市,350700
350700,南平市,350700
350700,南平市,350700
350700,南平市,350700
350700,南平市,350700
350700,南平市,350700
350700,南平市,350700
350700,南平市,350700
350700,南平市,350700
350800,龙岩市,350800
350800,龙岩市,350800
350800,龙岩市,350800
350800,龙岩市,350800
350800,龙岩市,350800
350800,龙岩市,350800
350800,龙岩市,350800
350800,龙岩市,350800
350900,宁德市,350900
350900,宁德市,350900
350900,宁德市,350900
350900,宁德市,350900
350900,宁德市,350900
350900,宁德市,350900
350900,宁德市,350900
350900,宁德市,350900
350900,宁德市,350900
350900,宁德市,350900
360100,南昌市,360100
360100,南昌市,360100
360100,南昌市,360100
360100,南昌市,360100
360100,南昌市,360100
360100,南昌市,360100
360100,南昌市,360100
360100,南昌市,360100
360100,南昌市,360100
360100,南昌市,360100
360200,景德镇市,360200
360200,景德镇市,360200
360200,景德镇市,360200
360200,景德镇市,360200
360200,景德镇市,360200
360300,萍乡市,360300
360300,萍乡市,360300
360300,萍乡市,360300
360300,萍乡市,360300
360300,萍乡市,360300
360300,萍乡市,360300
360400,九江市,360400
360400,九江市,360400
360400,九江市,360400
360400,九江市,360400
360400,九江市,360400
360400,九江市,360400
360400,九江市,360400
360400,九江市,360400
360400,九江市,360400
360400,九江市,360400
360400,九江市,360400
360400,九江市,360400
360400,九江市,360400
360400,九江市,360400
360500,新余市,360500
360500,新余市,360500
360500,新余市,360500
360600,鹰潭市,360600
360600,鹰潭市,360600
360600,鹰潭市,360600
360600,鹰潭市,360600
360700,赣州市,360700
360700,赣州市,360700
360700,赣州市,360700
360700,赣州市,360700
360700,赣州市,360700
360700,赣州市,360700
360700,赣州市,360700
360700,赣州市,360700
360700,赣州市,360700
360700,赣州市,360700
360700,赣州市,360700
360700,赣州市,360700
360700,赣州市,360700
360700,赣州市,360700
360700,赣州市,360700
360700,赣州市,360700
360700,赣州市,360700
360700,赣州市,360700
360700,赣州市,360700
360800,吉安市,360800
360800,吉安市,360800
360800,吉安市,360800
360800,吉安市,360800
360800,吉安市,360800
360800,吉安市,360800
360800,吉安市,360800
360800,吉安市,360800
360800,吉安市,360800
360800,吉安市,360800
360800,吉安市,360800
360800,吉安市,360800
360800,吉安市,360800
360800,吉安市,360800
360900,宜春市,360900
360900,宜春市,360900
360900,宜春市,360900
360900,宜春市,360900
360900,宜春市,360900
360900,宜春市,360900
360900,宜春市,360900
360900,宜春市,360900
360900,宜春市,360900
360900,宜春市,360900
360900,宜春市,360900
361000,抚州市,361000
361000,抚州市,361000
361000,抚州市,361000
361000,抚州市,361000
361000,抚州市,361000
361000,抚州市,361000
361000,抚州市,361000
361000,抚州市,361000
361000,抚州市,361000
361000,抚州市,361000
361000,抚州市,361000
361000,抚州市,361000
361100,上饶市,361100
361100,上饶市,361100
361100,上饶市,361100
361100,上饶市,361100
361100,上饶市,361100
361100,上饶市,361100
361100,上饶市,361100
361100,上饶市,361100
361100,上饶市,361100
361100,上饶市,361100
361100,上饶市,361100
361100,上饶市,361100
361100,上饶市,361100
370100,济南市,370100
370100,济南市,370100
370100,济南市,370100
370100,济南市,370100
370100,济南市,370100
370100,济南市,370100
370100,济南市,370100
370100,济南市,370100
370100,济南市,370100
370100,济南市,370100
370100,济南市,370100
370100,济南市,370100
370100,济南市,370100
370200,青岛市,370200
370200,青岛市,370200
370200,青岛市,370200
370200,青岛市,370200
370200,青岛市,370200
370200,青岛市,370200
370200,青岛市,370200
370200,青岛市,370200
370200,青岛市,370200
370200,青岛市,370200
370200,青岛市,370200
370300,淄博市,370300
370300,淄博市,370300
370300,淄博市,370300
370300,淄博市,370300
370300,淄博市,370300
370300,淄博市,370300
370300,淄博市,370300
370300,淄博市,370300
370300,淄博市,370300
370400,枣庄市,370400
370400,枣庄市,370400
370400,枣庄市,370400
370400,枣庄市,370400
370400,枣庄市,370400
370400,枣庄市,370400
370400,枣庄市,370400
370500,东营市,370500
370500,东营市,370500
370500,东营市,370500
370500,东营市,370500
370500,东营市,370500
370500,东营市,370500
370600,烟台市,370600
370600,烟台市,370600
370600,烟台市,370600
370600,烟台市,370600
370600,烟台市,370600
370600,烟台市,370600
370600,烟台市,370600
370600,烟台市,370600
370600,烟台市,370600
370600,烟台市,370600
370600,烟台市,370600
370600,烟台市,370600
370600,烟台市,370600
370700,潍坊市,370700
370700,潍坊市,370700
370700,潍坊市,370700
370700,潍坊市,370700
370700,潍坊市,370700
370700,潍坊市,370700
370700,潍坊市,370700
370700,潍坊市,370700
370700,潍坊市,370700
370700,潍坊市,370700
370700,潍坊市,370700
370700,潍坊市,370700
370700,潍坊市,370700
370800,济宁市,370800
370800,济宁市,370800
370800,济宁市,370800
370800,济宁市,370800
370800,济宁市,370800
370800,济宁市,370800
370800,济宁市,370800
370800,济宁市,370800
370800,济宁市,370800
370800,济宁市,370800
370800,济宁市,370800
370800,济宁市,370800
370900,泰安市,370900
370900,泰安市,370900
370900,泰安市,370900
370900,泰安市,370900
370900,泰安市,370900
370900,泰安市,370900
370900,泰安市,370900
371000,威海市,371000
371000,威海市,371000
371000,威海市,371000
371000,威海市,371000
371000,威海市,371000
371100,日照市,371100
371100,日照市,371100
371100,日照市,371100
371100,日照市,371100
371100,日照市,371100
371300,临沂市,371300
371300,临沂市,371300
371300,临沂市,371300
371300,临沂市,371300
371300,临沂市,371300
371300,临沂市,371300
371300,临沂市,371300
371300,临沂市,371300
371300,临沂市,371300
371300,临沂市,371300
371300,临沂市,371300
371300,临沂市,371300
371300,临沂市,371300
371400,德州市,371400
371400,德州市,371400
371400,德州市,371400
371400,德州市,371400
371400,德州市,371400
371400,德州市,371400
371400,德州市,371400
371400,德州市,371400
371400,德州市,371400
371400,德州市,371400
371400,德州市,371400
371400,德州市,371400
371500,聊城市,371500
371500,聊城市,371500
371500,聊城市,371500
371500,聊城市,371500
371500,聊城市,371500
371500,聊城市,371500
371500,聊城市,371500
371500,聊城市,371500
371500,聊城市,371500
371600,滨州市,371600
371600,滨州市,371600
371600,滨州市,371600
371600,滨州市,371600
371600,滨州市,371600
371600,滨州市,371600
371600,滨州市,371600
371600,滨州市,371600
371700,菏泽市,371700
371700,菏泽市,371700
371700,菏泽市,371700
371700,菏泽市,371700
371700,菏泽市,371700
371700,菏泽市,371700
371700,菏泽市,371700
371700,菏泽市,371700
371700,菏泽市,371700
371700,菏泽市,371700
410100,郑州市,410100
410100,郑州市,410100
410100,郑州市,410100
410100,郑州市,410100
410100,郑州市,410100
410100,郑州市,410100
410100,郑州市,410100
410100,郑州市,410100
410100,郑州市,410100
410100,郑州市,410100
410100,郑州市,410100
410100,郑州市,410100
410100,郑州市,410100
410200,开封市,410200
410200,开封市,410200
410200,开封市,410200
410200,开封市,410200
410200,开封市,410200
410200,开封市,410200
410200,开封市,410200
410200,开封市,410200
410200,开封市,410200
410200,开封市,410200
410300,洛阳市,410300
410300,洛阳市,410300
410300,洛阳市,410300
410300,洛阳市,410300
410300,洛阳市,410300
410300,洛阳市,410300
410300,洛阳市,410300
410300,洛阳市,410300
410300,洛阳市,410300
410300,洛阳市,410300
410300,洛阳市,410300
410300,洛阳市,410300
410300,洛阳市,410300
410300,洛阳市,410300
410300,洛阳市,410300
410300,洛阳市,410300
410400,平顶山市,410400
410400,平顶山市,410400
410400,平顶山市,410400
410400,平顶山市,410400
410400,平顶山市,410400
410400,平顶山市,410400
410400,平顶山市,410400
410400,平顶山市,410400
410400,平顶山市,410400
410400,平顶山市,410400
410400,平顶山市,410400
410500,安阳市,410500
410500,安阳市,410500
410500,安阳市,410500
410500,安阳市,410500
410500,安阳市,410500
410500,安阳市,410500
410500,安阳市,410500
410500,安阳市,410500
410500,安阳市,410500
410500,安阳市,410500
410600,鹤壁市,410600
410600,鹤壁市,410600
410600,鹤壁市,410600
410600,鹤壁市,410600
410600,鹤壁市,410600
410600,鹤壁市,410600
410700,新乡市,410700
410700,新乡市,410700
410700,新乡市,410700
410700,新乡市,410700
410700,新乡市,410700
410700,新乡市,410700
410700,新乡市,410700
410700,新乡市,410700
410700,新乡市,410700
410700,新乡市,410700
410700,新乡市,410700
410700,新乡市,410700
410700,新乡市,410700
410800,焦作市,410800
410800,焦作市,410800
410800,焦作市,410800
410800,焦作市,410800
410800,焦作市,410800
410800,焦作市,410800
410800,焦作市,410800
410800,焦作市,410800
410800,焦作市,410800
410800,焦作市,410800
410800,焦作市,410800
410900,濮阳市,410900
410900,濮阳市,410900
410900,濮阳市,410900
410900,濮阳市,410900
410900,濮阳市,410900
410900,濮阳市,410900
410900,濮阳市,410900
411000,许昌市,411000
411000,许昌市,411000
411000,许昌市,411000
411000,许昌市,411000
411000,许昌市,411000
411000,许昌市,411000
411000,许昌市,411000
411100,漯河市,411100
411100,漯河市,411100
411100,漯河市,411100
411100,漯河市,411100
411100,漯河市,411100
411100,漯河市,411100
411200,三门峡市,411200
411200,三门峡市,411200
411200,三门峡市,411200
411200,三门峡市,411200
411200,三门峡市,411200
411200,三门峡市,411200
411200,三门峡市,411200
411300,南阳市,411300
411300,南阳市,411300
411300,南阳市,411300
411300,南阳市,411300
411300,南阳市,411300
411300,南阳市,411300
411300,南阳市,411300
411300,南阳市,411300
411300,南阳市,411300
411300,南阳市,411300
411300,南阳市,411300
411300,南阳市,411300
411300,南阳市,411300
411300,南阳市,411300
411400,商丘市,411400
411400,商丘市,411400
411400,商丘市,411400
411400,商丘市,411400
411400,商丘市,411400
411400,商丘市,411400
411400,商丘市,411400
411400,商丘市,411400
411400,商丘市,411400
411400,商丘市,411400
411500,信阳市,411500
411500,信阳市,411500
411500,信阳市,411500
411500,信阳市,411500
411500,信阳市,411500
411500,信阳市,411500
411500,信阳市,411500
411500,信阳市,411500
411500,信阳市,411500
411500,信阳市,411500
411500,信阳市,411500
411600,周口市,411600
411600,周口市,411600
411600,周口市,411600
411600,周口市,411600
411600,周口市,411600
411600,周口市,411600
411600,周口市,411600
411600,周口市,411600
411600,周口市,411600
411600,周口市,411600
411600,周口市,411600
411700,驻马店市,411700
411700,驻马店市,411700
411700,驻马店市,411700
411700,驻马店市,411700
411700,驻马店市,411700
411700,驻马店市,411700
411700,驻马店市,411700
411700,驻马店市,411700
411700,驻马店市,411700
411700,驻马店市,411700
411700,驻马店市,411700
419001,济源市,419001
420100,武汉市,420100
420100,武汉市,420100
420100,武汉市,420100
420100,武汉市,420100
420100,武汉市,420100
420100,武汉市,420100
420100,武汉市,420100
420100,武汉市,420100
420100,武汉市,420100
420100,武汉市,420100
420100,武汉市,420100
420100,武汉市,420100
420100,武汉市,420100
420100,武汉市,420100
420200,黄石市,420200
420200,黄石市,420200
420200,黄石市,420200
420200,黄石市,420200
420200,黄石市,420200
420200,黄石市,420200
420200,黄石市,420200
420300,十堰市,420300
420300,十堰市,420300
420300,十堰市,420300
420300,十堰市,420300
420300,十堰市,420300
420300,十堰市,420300
420300,十堰市,420300
420300,十堰市,420300
420300,十堰市,420300
420500,宜昌市,420500
420500,宜昌市,420500
420500,宜昌市,420500
420500,宜昌市,420500
420500,宜昌市,420500
420500,宜昌市,420500
420500,宜昌市,420500
420500,宜昌市,420500
420500,宜昌市,420500
420500,宜昌市,420500
420500,宜昌市,420500
420500,宜昌市,420500
420500,宜昌市,420500
420500,宜昌市,420500
420600,襄阳市,420600
420600,襄阳市,420600
420600,襄阳市,420600
420600,襄阳市,420600
420600,襄阳市,420600
420600,襄阳市,420600
420600,襄阳市,420600
420600,襄阳市,420600
420600,襄阳市,420600
420600,襄阳市,420600
420700,鄂州市,420700
420700,鄂州市,420700
420700,鄂州市,420700
420700,鄂州市,420700
420800,荆门市,420800
420800,荆门市,420800
420800,荆门市,420800
420800,荆门市,420800
420800,荆门市,420800
420800,荆门市,420800
420900,孝感市,420900
420900,孝感市,420900
420900,孝感市,420900
420900,孝感市,420900
420900,孝感市,420900
420900,孝感市,420900
420900,孝感市,420900
420900,孝感市,420900
421000,荆州市,421000
421000,荆州市,421000
421000,荆州市,421000
421000,荆州市,421000
421000,荆州市,421000
421000,荆州市,421000
421000,荆州市,421000
421000,荆州市,421000
421000,荆州市,421000
421100,黄冈市,421100
421100,黄冈市,421100
421100,黄冈市,421100
421100,黄冈市,421100
421100,黄冈市,421100
421100,黄冈市,421100
421100,黄冈市,421100
421100,黄冈市,421100
421100,黄冈市,421100
421100,黄冈市,421100
421100,黄冈市,421100
421200,咸宁市,421200
421200,咸宁市,421200
421200,咸宁市,421200
421200,咸宁市,421200
421200,咸宁市,421200
421200,咸宁市,421200
421200,咸宁市,421200
421300,随州市,421300
421300,随州市,421300
421300,随州市,421300
421300,随州市,421300
422800,恩施土家族苗族自治州,422800
422800,恩施土家族苗族自治州,422800
422800,恩施土家族苗族自治州,422800
422800,恩施土家族苗族自治州,422800
422800,恩施土家族苗族自治州,422800
422800,恩施土家族苗族自治州,422800
422800,恩施土家族苗族自治州,422800
422800,恩施土家族苗族自治州,422800
422800,恩施土家族苗族自治州,422800
429004,仙桃市,429004
429005,潜江市,429005
429006,天门市,429006
429021,神农架林区,429021
430100,长沙市,430100
430100,长沙市,430100
430100,长沙市,430100
430100,长沙市,430100
430100,长沙市,430100
430100,长沙市,430100
430100,长沙市,430100
430100,长沙市,430100
430100,长沙市,430100
430100,长沙市,430100
430200,株洲市,430200
430200,株洲市,430200
430200,株洲市,430200
430200,株洲市,430200
430200,株洲市,430200
430200,株洲市,430200
430200,株洲市,430200
430200,株洲市,430200
430200,株洲市,430200
430200,株洲市,430200
430300,湘潭市,430300
430300,湘潭市,430300
430300,湘潭市,430300
430300,湘潭市,430300
430300,湘潭市,430300
430300,湘潭市,430300
430400,衡阳市,430400
430400,衡阳市,430400
430400,衡阳市,430400
430400,衡阳市,430400
430400,衡阳市,430400
430400,衡阳市,430400
430400,衡阳市,430400
430400,衡阳市,430400
430400,衡阳市,430400
430400,衡阳市,430400
430400,衡阳市,430400
430400,衡阳市,430400
430400,衡阳市,430400
430500,邵阳市,430500
430500,邵阳市,430500
430500,邵阳市,430500
430500,邵阳市,430500
430500,邵阳市,430500
430500,邵阳市,430500
430500,邵阳市,430500
430500,邵阳市,430500
430500,邵阳市,430500
430500,邵阳市,430500
430500,邵阳市,430500
430500,邵阳市,430500
430500,邵阳市,430500
430600,岳阳市,430600
430600,岳阳市,430600
430600,岳阳市,430600
430600,岳阳市,430600
430600,岳阳市,430600
430600,岳阳市,430600
430600,岳阳市,430600
430600,岳阳市,430600
430600,岳阳市,430600
430600,岳阳市,430600
430700,常德市,430700
430700,常德市,430700
430700,常德市,430700
430700,常德市,430700
430700,常德市,430700
430700,常德市,430700
430700,常德市,430700
430700,常德市,430700
430700,常德市,430700
430700,常德市,430700
430800,张家界市,430800
430800,张家界市,430800
430800,张家界市,430800
430800,张家界市,430800
430800,张家界市,430800
430900,益阳市,430900
430900,益阳市,430900
430900,益阳市,430900
430900,益阳市,430900
430900,益阳市,430900
430900,益阳市,430900
430900,益阳市,430900
431000,郴州市,431000
431000,郴州市,431000
431000,郴州市,431000
431000,郴州市,431000
431000,郴州市,431000
431000,郴州市,431000
431000,郴州市,431000
431000,郴州市,431000
431000,郴州市,431000
431000,郴州市,431000
431000,郴州市,431000
431000,郴州市,431000
431100,永州市,431100
431100,永州市,431100
431100,永州市,431100
431100,永州市,431100
431100,永州市,431100
431100,永州市,431100
431100,永州市,431100
431100,永州市,431100
431100,永州市,431100
431100,永州市,431100
431100,永州市,431100
431100,永州市,431100
431200,怀化市,431200
431200,怀化市,431200
431200,怀化市,431200
431200,怀化市,431200
431200,怀化市,431200
431200,怀化市,431200
431200,怀化市,431200
431200,怀化市,431200
431200,怀化市,431200
431200,怀化市,431200
431200,怀化市,431200
431200,怀化市,431200
431200,怀化市,431200
431300,娄底市,431300
431300,娄底市,431300
431300,娄底市,431300
431300,娄底市,431300
431300,娄底市,431300
431300,娄底市,431300
433100,湘西土家族苗族自治州,433100
433100,湘西土家族苗族自治州,433100
433100,湘西土家族苗族自治州,433100
433100,湘西土家族苗族自治州,433100
433100,湘西土家族苗族自治州,433100
433100,湘西土家族苗族自治州,433100
433100,湘西土家族苗族自治州,433100
433100,湘西土家族苗族自治州,433100
433100,湘西土家族苗族自治州,433100
440100,广州市,440100
440100,广州市,440100
440100,广州市,440100
440100,广州市,440100
440100,广州市,440100
440100,广州市,440100
440100,广州市,440100
440100,广州市,440100
440100,广州市,440100
440100,广州市,440100
440100,广州市,440100
440100,广州市,440100
440200,韶关市,440200
440200,韶关市,440200
440200,韶关市,440200
440200,韶关市,440200
440200,韶关市,440200
440200,韶关市,440200
440200,韶关市,440200
440200,韶关市,440200
440200,韶关市,440200
440200,韶关市,440200
440200,韶关市,440200
440300,深圳市,440300
440300,深圳市,440300
440300,深圳市,440300
440300,深圳市,440300
440300,深圳市,440300
440300,深圳市,440300
440300,深圳市,440300
440300,深圳市,440300
440300,深圳市,440300
440300,深圳市,440300
440400,珠海市,440400
440400,珠海市,440400
440400,珠海市,440400
440400,珠海市,440400
440500,汕头市,440500
440500,汕头市,440500
440500,汕头市,440500
440500,汕头市,440500
440500,汕头市,440500
440500,汕头市,440500
440500,汕头市,440500
440500,汕头市,440500
440600,佛山市,440600
440600,佛山市,440600
440600,佛山市,440600
440600,佛山市,440600
440600,佛山市,440600
440600,佛山市,440600
440700,江门市,440700
440700,江门市,440700
440700,江门市,440700
440700,江门市,440700
440700,江门市,440700
440700,江门市,440700
440700,江门市,440700
440700,江门市,440700
440800,湛江市,440800
440800,湛江市,440800
440800,湛江市,440800
440800,湛江市,440800
440800,湛江市,440800
440800,湛江市,440800
440800,湛江市,440800
440800,湛江市,440800
440800,湛江市,440800
440800,湛江市,440800
440900,茂名市,440900
440900,茂名市,440900
440900,茂名市,440900
440900,茂名市,440900
440900,茂名市,440900
440900,茂名市,440900
441200,肇庆市,441200
441200,肇庆市,441200
441200,肇庆市,441200
441200,肇庆市,441200
441200,肇庆市,441200
441200,肇庆市,441200
441200,肇庆市,441200
441200,肇庆市,441200
441200,肇庆市,441200
441300,惠州市,441300
441300,惠州市,441300
441300,惠州市,441300
441300,惠州市,441300
441300,惠州市,441300
441300,惠州市,441300
441400,梅州市,441400
441400,梅州市,441400
441400,梅州市,441400
441400,梅州市,441400
441400,梅州市,441400
441400,梅州市,441400
441400,梅州市,441400
441400,梅州市,441400
441400,梅州市,441400
441500,汕尾市,441500
441500,汕尾市,441500
441500,汕尾市,441500
441500,汕尾市,441500
441500,汕尾市,441500
441600,河源市,441600
441600,河源市,441600
441600,河源市,441600
441600,河源市,441600
441600,河源市,441600
441600,河源市,441600
441600,河源市,441600
441700,阳江市,441700
441700,阳江市,441700
441700,阳江市,441700
441700,阳江市,441700
441700,阳江市,441700
441800,清远市,441800
441800,清远市,441800
441800,清远市,441800
441800,清远市,441800
441800,清远市,441800
441800,清远市,441800
441800,清远市,441800
441800,清远市,441800
441800,清远市,441800
441900,东莞市,441900
442000,中山市,442000
445100,潮州市,445100
445100,潮州市,445100
445100,潮州市,445100
445100,潮州市,445100
445200,揭阳市,445200
445200,揭阳市,445200
445200,揭阳市,445200
445200,揭阳市,445200
445200,揭阳市,445200
445200,揭阳市,445200
445300,云浮市,445300
445300,云浮市,445300
445300,云浮市,445300
445300,云浮市,445300
445300,云浮市,445300
445300,云浮市,445300
450100,南宁市,450100
450100,南宁市,450100
450100,南宁市,450100
450100,南宁市,450100
450100,南宁市,450100
450100,南宁市,450100
450100,南宁市,450100
450100,南宁市,450100
450100,南宁市,450100
450100,南宁市,450100
450100,南宁市,450100
450100,南宁市,450100
450100,南宁市,450100
450200,柳州市,450200
450200,柳州市,450200
450200,柳州市,450200
450200,柳州市,450200
450200,柳州市,450200
450200,柳州市,450200
450200,柳州市,450200
450200,柳州市,450200
450200,柳州市,450200
450200,柳州市,450200
450200,柳州市,450200
450300,桂林市,450300
450300,桂林市,450300
450300,桂林市,450300
450300,桂林市,450300
450300,桂林市,450300
450300,桂林市,450300
450300,桂林市,450300
450300,桂林市,450300
450300,桂林市,450300
450300,桂林市,450300
450300,桂林市,450300
450300,桂林市,450300
450300,桂林市,450300
450300,桂林市,450300
450300,桂林市,450300
450300,桂林市,450300
450300,桂林市,450300
450300,桂林市,450300
450400,梧州市,450400
450400,梧州市,450400
450400,梧州市,450400
450400,梧州市,450400
450400,梧州市,450400
450400,梧州市,450400
450400,梧州市,450400
450400,梧州市,450400
450500,北海市,450500
450500,北海市,450500
450500,北海市,450500
450500,北海市,450500
450500,北海市,450500
450600,防城港市,450600
450600,防城港市,450600
450600,防城港市,450600
450600,防城港市,450600
450600,防城港市,450600
450700,钦州市,450700
450700,钦州市,450700
450700,钦州市,450700
450700,钦州市,450700
450700,钦州市,450700
450800,贵港市,450800
450800,贵港市,450800
450800,贵港市,450800
450800,贵港市,450800
450800,贵港市,450800
450800,贵港市,450800
450900,玉林市,450900
450900,玉林市,450900
450900,玉林市,450900
450900,玉林市,450900
450900,玉林市,450900
450900,玉林市,450900
450900,玉林市,450900
450900,玉林市,450900
451000,百色市,451000
451000,百色市,451000
451000,百色市,451000
451000,百色市,451000
451000,百色市,451000
451000,百色市,451000
451000,百色市,451000
451000,百色市,451000
451000,百色市,451000
451000,百色市,451000
451000,百色市,451000
451000,百色市,451000
451000,百色市,451000
451100,贺州市,451100
451100,贺州市,451100
451100,贺州市,451100
451100,贺州市,451100
451100,贺州市,451100
451100,贺州市,451100
451200,河池市,451200
451200,河池市,451200
451200,河池市,451200
451200,河池市,451200
451200,河池市,451200
451200,河池市,451200
451200,河池市,451200
451200,河池市,451200
451200,河池市,451200
451200,河池市,451200
451200,河池市,451200
451200,河池市,451200
451300,来宾市,451300
451300,来宾市,451300
451300,来宾市,451300
451300,来宾市,451300
451300,来宾市,451300
451300,来宾市,451300
451300,来宾市,451300
451400,崇左市,451400
451400,崇左市,451400
451400,崇左市,451400
451400,崇左市,451400
451400,崇左市,451400
451400,崇左市,451400
451400,崇左市,451400
451400,崇左市,451400
460100,海口市,460100
460100,海口市,460100
460100,海口市,460100
460100,海口市,460100
460100,海口市,460100
460200,三亚市,460200
460200,三亚市,460200
460200,三亚市,460200
460200,三亚市,460200
460200,三亚市,460200
460300,三沙市,460300
460300,三沙市,460300
460300,三沙市,460300
460300,三沙市,460300
460400,儋州市,460400
469001,五指山市,469001
469002,琼海市,469002
469005,文昌市,469005
469006,万宁市,469006
469007,东方市,469007
469021,定安县,469021
469022,屯昌县,469022
469023,澄迈县,469023
469024,临高县,469024
469025,白沙黎族自治县,469025
469026,昌江黎族自治县,469026
469027,乐东黎族自治县,469027
469028,陵水黎族自治县,469028
469029,保亭黎族苗族自治县,469029
469030,琼中黎族苗族自治县,469030
500100,重庆市,500100
500100,重庆市,500100
500100,重庆市,500100
500100,重庆市,500100
500100,重庆市,500100
500100,重庆市,500100
500100,重庆市,500100
500100,重庆市,500100
500100,重庆市,500100
500100,重庆市,500100
500100,重庆市,500100
500100,重庆市,500100
500100,重庆市,500100
500100,重庆市,500100
500100,重庆市,500100
500100,重庆市,500100
500100,重庆市,500100
500100,重庆市,500100
500100,重庆市,500100
500100,重庆市,500100
500100,重庆市,500100
500100,重庆市,500100
500100,重庆市,500100
500100,重庆市,500100
500100,重庆市,500100
500100,重庆市,500100
500100,重庆市,500100
500200,重庆市,500200
500200,重庆市,500200
500200,重庆市,500200
500200,重庆市,500200
500200,重庆市,500200
500200,重庆市,500200
500200,重庆市,500200
500200,重庆市,500200
500200,重庆市,500200
500200,重庆市,500200
500200,重庆市,500200
500200,重庆市,500200
510100,成都市,510100
510100,成都市,510100
510100,成都市,510100
510100,成都市,510100
510100,成都市,510100
510100,成都市,510100
510100,成都市,510100
510100,成都市,510100
510100,成都市,510100
510100,成都市,510100
510100,成都市,510100
510100,成都市,510100
510100,成都市,510100
510100,成都市,510100
510100,成都市,510100
510100,成都市,510100
510100,成都市,510100
510100,成都市,510100
510100,成都市,510100
510100,成都市,510100
510100,成都市,510100
510300,自贡市,510300
510300,自贡市,510300
510300,自贡市,510300
510300,自贡市,510300
510300,自贡市,510300
510300,自贡市,510300
510300,自贡市,510300
510400,攀枝花市,510400
510400,攀枝花市,510400
510400,攀枝花市,510400
510400,攀枝花市,510400
510400,攀枝花市,510400
510400,攀枝花市,510400
510500,泸州市,510500
510500,泸州市,510500
510500,泸州市,510500
510500,泸州市,510500
510500,泸州市,510500
510500,泸州市,510500
510500,泸州市,510500
510500,泸州市,510500
510600,德阳市,510600
510600,德阳市,510600
510600,德阳市,510600
510600,德阳市,510600
510600,德阳市,510600
510600,德阳市,510600
510600,德阳市,510600
510700,绵阳市,510700
510700,绵阳市,510700
510700,绵阳市,510700
510700,绵阳市,510700
510700,绵阳市,510700
510700,绵阳市,510700
510700,绵阳市,510700
510700,绵阳市,510700
510700,绵阳市,510700
510700,绵阳市,510700
510800,广元市,510800
510800,广元市,510800
510800,广元市,510800
510800,广元市,510800
510800,广元市,510800
510800,广元市,510800
510800,广元市,510800
510800,广元市,510800
510900,遂宁市,510900
510900,遂宁市,510900
510900,遂宁市,510900
510900,遂宁市,510900
510900,遂宁市,510900
510900,遂宁市,510900
511000,内江市,511000
511000,内江市,511000
511000,内江市,511000
511000,内江市,511000
511000,内江市,511000
511000,内江市,511000
511100,乐山市,511100
511100,乐山市,511100
511100,乐山市,511100
511100,乐山市,511100
511100,乐山市,511100
511100,乐山市,511100
511100,乐山市,511100
511100,乐山市,511100
511100,乐山市,511100
511100,乐山市,511100
511100,乐山市,511100
511100,乐山市,511100
511300,南充市,511300
511300,南充市,511300
511300,南充市,511300
511300,南充市,511300
511300,南充市,511300
511300,南充市,511300
511300,南充市,511300
511300,南充市,511300
511300,南充市,511300
511300,南充市,511300
511400,眉山市,511400
511400,眉山市,511400
511400,眉山市,511400
511400,眉山市,511400
511400,眉山市,511400
511400,眉山市,511400
511400,眉山市,511400
511500,宜宾市,511500
511500,宜宾市,511500
511500,宜宾市,511500
511500,宜宾市,511500
511500,宜宾市,511500
511500,宜宾市,511500
511500,宜宾市,511500
511500,宜宾市,511500
511500,宜宾市,511500
511500,宜宾市,511500
511500,宜宾市,511500
511600,广安市,511600
511600,广安市,511600
511600,广安市,511600
511600,广安市,511600
511600,广安市,511600
511600,广安市,511600
511600,广安市,511600
511700,达州市,511700
511700,达州市,511700
511700,达州市,511700
511700,达州市,511700
511700,达州市,511700
511700,达州市,511700
511700,达州市,511700
511700,达州市,511700
511800,雅安市,511800
511800,雅安市,511800
511800,雅安市,511800
511800,雅安市,511800
511800,雅安市,511800
511800,雅安市,511800
511800,雅安市,511800
511800,雅安市,511800
511800,雅安市,511800
511900,巴中市,511900
511900,巴中市,511900
511900,巴中市,511900
511900,巴中市,511900
511900,巴中市,511900
511900,巴中市,511900
512000,资阳市,512000
512000,资阳市,512000
512000,资阳市,512000
512000,资阳市,512000
513200,阿坝藏族羌族自治州,513200
513200,阿坝藏族羌族自治州,513200
513200,阿坝藏族羌族自治州,513200
513200,阿坝藏族羌族自治州,513200
513200,阿坝藏族羌族自治州,513200
513200,阿坝藏族羌族自治州,513200
513200,阿坝藏族羌族自治州,513200
513200,阿坝藏族羌族自治州,513200
513200,阿坝藏族羌族自治州,513200
513200,阿坝藏族羌族自治州,513200
513200,阿坝藏族羌族自治州,513200
513200,阿坝藏族羌族自治州,513200
513200,阿坝藏族羌族自治州,513200
513200,阿坝藏族羌族自治州,513200
513300,甘孜藏族自治州,513300
513300,甘孜藏族自治州,513300
513300,甘孜藏族自治州,513300
513300,甘孜藏族自治州,513300
513300,甘孜藏族自治州,513300
513300,甘孜藏族自治州,513300
513300,甘孜藏族自治州,513300
513300,甘孜藏族自治州,513300
513300,甘孜藏族自治州,513300
513300,甘孜藏族自治州,513300
513300,甘孜藏族自治州,513300
513300,甘孜藏族自治州,513300
513300,甘孜藏族自治州,513300
513300,甘孜藏族自治州,513300
513300,甘孜藏族自治州,513300
513300,甘孜藏族自治州,513300
513300,甘孜藏族自治州,513300
513300,甘孜藏族自治州,513300
513300,甘孜藏族自治州,513300
513400,凉山彝族自治州,513400
513400,凉山彝族自治州,513400
513400,凉山彝族自治州,513400
513400,凉山彝族自治州,513400
513400,凉山彝族自治州,513400
513400,凉山彝族自治州,513400
513400,凉山彝族自治州,513400
513400,凉山彝族自治州,513400
513400,凉山彝族自治州,513400
513400,凉山彝族自治州,513400
513400,凉山彝族自治州,513400
513400,凉山彝族自治州,513400
513400,凉山彝族自治州,513400
513400,凉山彝族自治州,513400
513400,凉山彝族自治州,513400
513400,凉山彝族自治州,513400
513400,凉山彝族自治州,513400
513400,凉山彝族自治州,513400
520100,贵阳市,520100
520100,贵阳市,520100
520100,贵阳市,520100
520100,贵阳市,520100
520100,贵阳市,520100
520100,贵阳市,520100
520100,贵阳市,520100
520100,贵阳市,520100
520100,贵阳市,520100
520100,贵阳市,520100
520100,贵阳市,520100
520200,六盘水市,520200
520200,六盘水市,520200
520200,六盘水市,520200
520200,六盘水市,520200
520200,六盘水市,520200
520300,遵义市,520300
520300,遵义市,520300
520300,遵义市,520300
520300,遵义市,520300
520300,遵义市,520300
520300,遵义市,520300
520300,遵义市,520300
520300,遵义市,520300
520300,遵义市,520300
520300,遵义市,520300
520300,遵义市,520300
520300,遵义市,520300
520300,遵义市,520300
520300,遵义市,520300
520300,遵义市,520300
520400,安顺市,520400
520400,安顺市,520400
520400,安顺市,520400
520400,安顺市,520400
520400,安顺市,520400
520400,安顺市,520400
520400,安顺市,520400
520500,毕节市,520500
520500,毕节市,520500
520500,毕节市,520500
520500,毕节市,520500
520500,毕节市,520500
520500,毕节市,520500
520500,毕节市,520500
520500,毕节市,520500
520500,毕节市,520500
520600,铜仁市,520600
520600,铜仁市,520600
520600,铜仁市,520600
520600,铜仁市,520600
520600,铜仁市,520600
520600,铜仁市,520600
520600,铜仁市,520600
520600,铜仁市,520600
520600,铜仁市,520600
520600,铜仁市,520600
520600,铜仁市,520600
522300,黔西南布依族苗族自治州,522300
522300,黔西南布依族苗族自治州,522300
522300,黔西南布依族苗族自治州,522300
522300,黔西南布依族苗族自治州,522300
522300,黔西南布依族苗族自治州,522300
522300,黔西南布依族苗族自治州,522300
522300,黔西南布依族苗族自治州,522300
522300,黔西南布依族苗族自治州,522300
522300,黔西南布依族苗族自治州,522300
522600,黔东南苗族侗族自治州,522600
522600,黔东南苗族侗族自治州,522600
522600,黔东南苗族侗族自治州,522600
522600,黔东南苗族侗族自治州,522600
522600,黔东南苗族侗族自治州,522600
522600,黔东南苗族侗族自治州,522600
522600,黔东南苗族侗族自治州,522600
522600,黔东南苗族侗族自治州,522600
522600,黔东南苗族侗族自治州,522600
522600,黔东南苗族侗族自治州,522600
522600,黔东南苗族侗族自治州,522600
522600,黔东南苗族侗族自治州,522600
522600,黔东南苗族侗族自治州,522600
522600,黔东南苗族侗族自治州,522600
522600,黔东南苗族侗族自治州,522600
522600,黔东南苗族侗族自治州,522600
522600,黔东南苗族侗族自治州,522600
522700,黔南布依族苗族自治州,522700
522700,黔南布依族苗族自治州,522700
522700,黔南布依族苗族自治州,522700
522700,黔南布依族苗族自治州,522700
522700,黔南布依族苗族自治州,522700
522700,黔南布依族苗族自治州,522700
522700,黔南布依族苗族自治州,522700
522700,黔南布依族苗族自治州,522700
522700,黔南布依族苗族自治州,522700
522700,黔南布依族苗族自治州,522700
522700,黔南布依族苗族自治州,522700
522700,黔南布依族苗族自治州,522700
522700,黔南布依族苗族自治州,522700
530100,昆明市,530100
530100,昆明市,530100
530100,昆明市,530100
530100,昆明市,530100
530100,昆明市,530100
530100,昆明市,530100
530100,昆明市,530100
530100,昆明市,530100
530100,昆明市,530100
530100,昆明市,530100
530100,昆明市,530100
530100,昆明市,530100
530100,昆明市,530100
530100,昆明市,530100
530100,昆明市,530100
530300,曲靖市,530300
530300,曲靖市,530300
530300,曲靖市,530300
530300,曲靖市,530300
530300,曲靖市,530300
530300,曲靖市,530300
530300,曲靖市,530300
530300,曲靖市,530300
530300,曲靖市,530300
530300,曲靖市,530300
530400,玉溪市,530400
530400,玉溪市,530400
530400,玉溪市,530400
530400,玉溪市,530400
530400,玉溪市,530400
530400,玉溪市,530400
530400,玉溪市,530400
530400,玉溪市,530400
530400,玉溪市,530400
530400,玉溪市,530400
530500,保山市,530500
530500,保山市,530500
530500,保山市,530500
530500,保山市,530500
530500,保山市,530500
530500,保山市,530500
530600,昭通市,530600
530600,昭通市,530600
530600,昭通市,530600
530600,昭通市,530600
530600,昭通市,530600
530600,昭通市,530600
530600,昭通市,530600
530600,昭通市,530600
530600,昭通市,530600
530600,昭通市,530600
530600,昭通市,530600
530600,昭通市,530600
530700,丽江市,530700
530700,丽江市,530700
530700,丽江市,530700
530700,丽江市,530700
530700,丽江市,530700
530700,丽江市,530700
530800,普洱市,530800
530800,普洱市,530800
530800,普洱市,530800
530800,普洱市,530800
530800,普洱市,530800
530800,普洱市,530800
530800,普洱市,530800
530800,普洱市,530800
530800,普洱市,530800
530800,普洱市,530800
530800,普洱市,530800
530900,临沧市,530900
530900,临沧市,530900
530900,临沧市,530900
530900,临沧市,530900
530900,临沧市,530900
530900,临沧市,530900
530900,临沧市,530900
530900,临沧市,530900
530900,临沧市,530900
532300,楚雄彝族自治州,532300
532300,楚雄彝族自治州,532300
532300,楚雄彝族自治州,532300
532300,楚雄彝族自治州,532300
532300,楚雄彝族自治州,532300
532300,楚雄彝族自治州,532300
532300,楚雄彝族自治州,532300
532300,楚雄彝族自治州,532300
532300,楚雄彝族自治州,532300
532300,楚雄彝族自治州,532300
532300,楚雄彝族自治州,532300
532500,红河哈尼族彝族自治州,532500
532500,红河哈尼族彝族自治州,532500
532500,红河哈尼族彝族自治州,532500
532500,红河哈尼族彝族自治州,532500
532500,红河哈尼族彝族自治州,532500
532500,红河哈尼族彝族自治州,532500
532500,红河哈尼族彝族自治州,532500
532500,红河哈尼族彝族自治州,532500
532500,红河哈尼族彝族自治州,532500
532500,红河哈尼族彝族自治州,532500
532500,红河哈尼族彝族自治州,532500
532500,红河哈尼族彝族自治州,532500
532500,红河哈尼族彝族自治州,532500
532500,红河哈尼族彝族自治州,532500
532600,文山壮族苗族自治州,532600
532600,文山壮族苗族自治州,532600
532600,文山壮族苗族自治州,532600
532600,文山壮族苗族自治州,532600
532600,文山壮族苗族自治州,532600
532600,文山壮族苗族自治州,532600
532600,文山壮族苗族自治州,532600
532600,文山壮族苗族自治州,532600
532600,文山壮族苗族自治州,532600
532800,西双版纳傣族自治州,532800
532800,西双版纳傣族自治州,532800
532800,西双版纳傣族自治州,532800
532800,西双版纳傣族自治州,532800
532900,大理白族自治州,532900
532900,大理白族自治州,532900
532900,大理白族自治州,532900
532900,大理白族自治州,532900
532900,大理白族自治州,532900
532900,大理白族自治州,532900
532900,大理白族自治州,532900
532900,大理白族自治州,532900
532900,大理白族自治州,532900
532900,大理白族自治州,532900
532900,大理白族自治州,532900
532900,大理白族自治州,532900
532900,大理白族自治州,532900
533100,德宏傣族景颇族自治州,533100
533100,德宏傣族景颇族自治州,533100
533100,德宏傣族景颇族自治州,533100
533100,德宏傣族景颇族自治州,533100
533100,德宏傣族景颇族自治州,533100
533100,德宏傣族景颇族自治州,533100
533300,怒江傈僳族自治州,533300
533300,怒江傈僳族自治州,533300
533300,怒江傈僳族自治州,533300
533300,怒江傈僳族自治州,533300
533300,怒江傈僳族自治州,533300
533400,迪庆藏族自治州,533400
533400,迪庆藏族自治州,533400
533400,迪庆藏族自治州,533400
533400,迪庆藏族自治州,533400
540100,拉萨市,540100
540100,拉萨市,540100
540100,拉萨市,540100
540100,拉萨市,540100
540100,拉萨市,540100
540100,拉萨市,540100
540100,拉萨市,540100
540100,拉萨市,540100
540100,拉萨市,540100
540200,日喀则市,540200
540200,日喀则市,540200
540200,日喀则市,540200
540200,日喀则市,540200
540200,日喀则市,540200
540200,日喀则市,540200
540200,日喀则市,540200
540200,日喀则市,540200
540200,日喀则市,540200
540200,日喀则市,540200
540200,日喀则市,540200
540200,日喀则市,540200
540200,日喀则市,540200
540200,日喀则市,540200
540200,日喀则市,540200
540200,日喀则市,540200
540200,日喀则市,540200
540200,日喀则市,540200
540200,日喀则市,540200
540300,昌都市,540300
540300,昌都市,540300
540300,昌都市,540300
540300,昌都市,540300
540300,昌都市,540300
540300,昌都市,540300
540300,昌都市,540300
540300,昌都市,540300
540300,昌都市,540300
540300,昌都市,540300
540300,昌都市,540300
540300,昌都市,540300
540400,林芝市,540400
540400,林芝市,540400
540400,林芝市,540400
540400,林芝市,540400
540400,林芝市,540400
540400,林芝市,540400
540400,林芝市,540400
540400,林芝市,540400
540500,山南市,540500
540500,山南市,540500
540500,山南市,540500
540500,山南市,540500
540500,山南市,540500
540500,山南市,540500
540500,山南市,540500
540500,山南市,540500
540500,山南市,540500
540500,山南市,540500
540500,山南市,540500
540500,山南市,540500
540500,山南市,540500
540600,那曲市,540600
540600,那曲市,540600
540600,那曲市,540600
540600,那曲市,540600
540600,那曲市,540600
540600,那曲市,540600
540600,那曲市,540600
540600,那曲市,540600
540600,那曲市,540600
540600,那曲市,540600
540600,那曲市,540600
540600,那曲市,540600
542500,阿里地区,542500
542500,阿里地区,542500
542500,阿里地区,542500
542500,阿里地区,542500
542500,阿里地区,542500
542500,阿里地区,542500
542500,阿里地区,542500
542500,阿里地区,542500
610100,西安市,610100
610100,西安市,610100
610100,西安市,610100
610100,西安市,610100
610100,西安市,610100
610100,西安市,610100
610100,西安市,610100
610100,西安市,610100
610100,西安市,610100
610100,西安市,610100
610100,西安市,610100
610100,西安市,610100
610100,西安市,610100
610100,西安市,610100
610200,铜川市,610200
610200,铜川市,610200
610200,铜川市,610200
610200,铜川市,610200
610200,铜川市,610200
610300,宝鸡市,610300
610300,宝鸡市,610300
610300,宝鸡市,610300
610300,宝鸡市,610300
610300,宝鸡市,610300
610300,宝鸡市,610300
610300,宝鸡市,610300
610300,宝鸡市,610300
610300,宝鸡市,610300
610300,宝鸡市,610300
610300,宝鸡市,610300
610300,宝鸡市,610300
610300,宝鸡市,610300
610400,咸阳市,610400
610400,咸阳市,610400
610400,咸阳市,610400
610400,咸阳市,610400
610400,咸阳市,610400
610400,咸阳市,610400
610400,咸阳市,610400
610400,咸阳市,610400
610400,咸阳市,610400
610400,咸阳市,610400
610400,咸阳市,610400
610400,咸阳市,610400
610400,咸阳市,610400
610400,咸阳市,610400
610400,咸阳市,610400
610500,渭南市,610500
610500,渭南市,610500
610500,渭南市,610500
610500,渭南市,610500
610500,渭南市,610500
610500,渭南市,610500
610500,渭南市,610500
610500,渭南市,610500
610500,渭南市,610500
610500,渭南市,610500
610500,渭南市,610500
610500,渭南市,610500
610600,延安市,610600
610600,延安市,610600
610600,延安市,610600
610600,延安市,610600
610600,延安市,610600
610600,延安市,610600
610600,延安市,610600
610600,延安市,610600
610600,延安市,610600
610600,延安市,610600
610600,延安市,610600
610600,延安市,610600
610600,延安市,610600
610600,延安市,610600
610700,汉中市,610700
610700,汉中市,610700
610700,汉中市,610700
610700,汉中市,610700
610700,汉中市,610700
610700,汉中市,610700
610700,汉中市,610700
610700,汉中市,610700
610700,汉中市,610700
610700,汉中市,610700
610700,汉中市,610700
610700,汉中市,610700
610800,榆林市,610800
610800,榆林市,610800
610800,榆林市,610800
610800,榆林市,610800
610800,榆林市,610800
610800,榆林市,610800
610800,榆林市,610800
610800,榆林市,610800
610800,榆林市,610800
610800,榆林市,610800
610800,榆林市,610800
610800,榆林市,610800
610800,榆林市,610800
610900,安康市,610900
610900,安康市,610900
610900,安康市,610900
610900,安康市,610900
610900,安康市,610900
610900,安康市,610900
610900,安康市,610900
610900,安康市,610900
610900,安康市,610900
610900,安康市,610900
610900,安康市,610900
611000,商洛市,611000
611000,商洛市,611000
611000,商洛市,611000
611000,商洛市,611000
611000,商洛市,611000
611000,商洛市,611000
611000,商洛市,611000
611000,商洛市,611000
620100,兰州市,620100
620100,兰州市,620100
620100,兰州市,620100
620100,兰州市,620100
620100,兰州市,620100
620100,兰州市,620100
620100,兰州市,620100
620100,兰州市,620100
620100,兰州市,620100
620200,嘉峪关市,620200
620300,金昌市,620300
620300,金昌市,620300
620300,金昌市,620300
620400,白银市,620400
620400,白银市,620400
620400,白银市,620400
620400,白银市,620400
620400,白银市,620400
620400,白银市,620400
620500,天水市,620500
620500,天水市,620500
620500,天水市,620500
620500,天水市,620500
620500,天水市,620500
620500,天水市,620500
620500,天水市,620500
620500,天水市,620500
620600,武威市,620600
620600,武威市,620600
620600,武威市,620600
620600,武威市,620600
620600,武威市,620600
620700,张掖市,620700
620700,张掖市,620700
620700,张掖市,620700
620700,张掖市,620700
620700,张掖市,620700
620700,张掖市,620700
620700,张掖市,620700
620800,平凉市,620800
620800,平凉市,620800
620800,平凉市,620800
620800,平凉市,620800
620800,平凉市,620800
620800,平凉市,620800
620800,平凉市,620800
620800,平凉市,620800
620900,酒泉市,620900
620900,酒泉市,620900
620900,酒泉市,620900
620900,酒泉市,620900
620900,酒泉市,620900
620900,酒泉市,620900
620900,酒泉市,620900
620900,酒泉市,620900
621000,庆阳市,621000
621000,庆阳市,621000
621000,庆阳市,621000
621000,庆阳市,621000
621000,庆阳市,621000
621000,庆阳市,621000
621000,庆阳市,621000
621000,庆阳市,621000
621000,庆阳市,621000
621100,定西市,621100
621100,定西市,621100
621100,定西市,621100
621100,定西市,621100
621100,定西市,621100
621100,定西市,621100
621100,定西市,621100
621100,定西市,621100
621200,陇南市,621200
621200,陇南市,621200
621200,陇南市,621200
621200,陇南市,621200
621200,陇南市,621200
621200,陇南市,621200
621200,陇南市,621200
621200,陇南市,621200
621200,陇南市,621200
621200,陇南市,621200
622900,临夏回族自治州,622900
622900,临夏回族自治州,622900
622900,临夏回族自治州,622900
622900,临夏回族自治州,622900
622900,临夏回族自治州,622900
622900,临夏回族自治州,622900
622900,临夏回族自治州,622900
622900,临夏回族自治州,622900
622900,临夏回族自治州,622900
623000,甘南藏族自治州,623000
623000,甘南藏族自治州,623000
623000,甘南藏族自治州,623000
623000,甘南藏族自治州,623000
623000,甘南藏族自治州,623000
623000,甘南藏族自治州,623000
623000,甘南藏族自治州,623000
623000,甘南藏族自治州,623000
623000,甘南藏族自治州,623000
630100,西宁市,630100
630100,西宁市,630100
630100,西宁市,630100
630100,西宁市,630100
630100,西宁市,630100
630100,西宁市,630100
630100,西宁市,630100
630100,西宁市,630100
630200,海东市,630200
630200,海东市,630200
630200,海东市,630200
630200,海东市,630200
630200,海东市,630200
630200,海东市,630200
630200,海东市,630200
632200,海北藏族自治州,632200
632200,海北藏族自治州,632200
632200,海北藏族自治州,632200
632200,海北藏族自治州,632200
632200,海北藏族自治州,632200
632300,黄南藏族自治州,632300
632300,黄南藏族自治州,632300
632300,黄南藏族自治州,632300
632300,黄南藏族自治州,632300
632300,黄南藏族自治州,632300
632500,海南藏族自治州,632500
632500,海南藏族自治州,632500
632500,海南藏族自治州,632500
632500,海南藏族自治州,632500
632500,海南藏族自治州,632500
632500,海南藏族自治州,632500
632600,果洛藏族自治州,632600
632600,果洛藏族自治州,632600
632600,果洛藏族自治州,632600
632600,果洛藏族自治州,632600
632600,果洛藏族自治州,632600
632600,果洛藏族自治州,632600
632600,果洛藏族自治州,632600
632700,玉树藏族自治州,632700
632700,玉树藏族自治州,632700
632700,玉树藏族自治州,632700
632700,玉树藏族自治州,632700
632700,玉树藏族自治州,632700
632700,玉树藏族自治州,632700
632700,玉树藏族自治州,632700
632800,海西蒙古族藏族自治州,632800
632800,海西蒙古族藏族自治州,632800
632800,海西蒙古族藏族自治州,632800
632800,海西蒙古族藏族自治州,632800
632800,海西蒙古族藏族自治州,632800
632800,海西蒙古族藏族自治州,632800
632800,海西蒙古族藏族自治州,632800
640100,银川市,640100
640100,银川市,640100
640100,银川市,640100
640100,银川市,640100
640100,银川市,640100
640100,银川市,640100
640100,银川市,640100
640200,石嘴山市,640200
640200,石嘴山市,640200
640200,石嘴山市,640200
640200,石嘴山市,640200
640300,吴忠市,640300
640300,吴忠市,640300
640300,吴忠市,640300
640300,吴忠市,640300
640300,吴忠市,640300
640300,吴忠市,640300
640400,固原市,640400
640400,固原市,640400
640400,固原市,640400
640400,固原市,640400
640400,固原市,640400
640400,固原市,640400
640500,中卫市,640500
640500,中卫市,640500
640500,中卫市,640500
640500,中卫市,640500
650100,乌鲁木齐市,650100
650100,乌鲁木齐市,650100
650100,乌鲁木齐市,650100
650100,乌鲁木齐市,650100
650100,乌鲁木齐市,650100
650100,乌鲁木齐市,650100
650100,乌鲁木齐市,650100
650100,乌鲁木齐市,650100
650100,乌鲁木齐市,650100
650200,克拉玛依市,650200
650200,克拉玛依市,650200
650200,克拉玛依市,650200
650200,克拉玛依市,650200
650200,克拉玛依市,650200
650400,吐鲁番市,650400
650400,吐鲁番市,650400
650400,吐鲁番市,650400
650400,吐鲁番市,650400
650500,哈密市,650500
650500,哈密市,650500
650500,哈密市,650500
650500,哈密市,650500
652300,昌吉回族自治州,652300
652300,昌吉回族自治州,652300
652300,昌吉回族自治州,652300
652300,昌吉回族自治州,652300
652300,昌吉回族自治州,652300
652300,昌吉回族自治州,652300
652300,昌吉回族自治州,652300
652300,昌吉回族自治州,652300
652700,博尔塔拉蒙古自治州,652700
652700,博尔塔拉蒙古自治州,652700
652700,博尔塔拉蒙古自治州,652700
652700,博尔塔拉蒙古自治州,652700
652700,博尔塔拉蒙古自治州,652700
652800,巴音郭楞蒙古自治州,652800
652800,巴音郭楞蒙古自治州,652800
652800,巴音郭楞蒙古自治州,652800
652800,巴音郭楞蒙古自治州,652800
652800,巴音郭楞蒙古自治州,652800
652800,巴音郭楞蒙古自治州,652800
652800,巴音郭楞蒙古自治州,652800
652800,巴音郭楞蒙古自治州,652800
652800,巴音郭楞蒙古自治州,652800
652800,巴音郭楞蒙古自治州,652800
652900,阿克苏地区,652900
652900,阿克苏地区,652900
652900,阿克苏地区,652900
652900,阿克苏地区,652900
652900,阿克苏地区,652900
652900,阿克苏地区,652900
652900,阿克苏地区,652900
652900,阿克苏地区,652900
652900,阿克苏地区,652900
652900,阿克苏地区,652900
653000,克孜勒苏柯尔克孜自治州,653000
653000,克孜勒苏柯尔克孜自治州,653000
653000,克孜勒苏柯尔克孜自治州,653000
653000,克孜勒苏柯尔克孜自治州,653000
653000,克孜勒苏柯尔克孜自治州,653000
653100,喀什地区,653100
653100,喀什地区,653100
653100,喀什地区,653100
653100,喀什地区,653100
653100,喀什地区,653100
653100,喀什地区,653100
653100,喀什地区,653100
653100,喀什地区,653100
653100,喀什地区,653100
653100,喀什地区,653100
653100,喀什地区,653100
653100,喀什地区,653100
653100,喀什地区,653100
653200,和田地区,653200
653200,和田地区,653200
653200,和田地区,653200
653200,和田地区,653200
653200,和田地区,653200
653200,和田地区,653200
653200,和田地区,653200
653200,和田地区,653200
653200,和田地区,653200
654000,伊犁哈萨克自治州,654000
654000,伊犁哈萨克自治州,654000
654000,伊犁哈萨克自治州,654000
654000,伊犁哈萨克自治州,654000
654000,伊犁哈萨克自治州,654000
654000,伊犁哈萨克自治州,654000
654000,伊犁哈萨克自治州,654000
654000,伊犁哈萨克自治州,654000
654000,伊犁哈萨克自治州,654000
654000,伊犁哈萨克自治州,654000
654000,伊犁哈萨克自治州,654000
654000,伊犁哈萨克自治州,654000
654200,塔城地区,654200
654200,塔城地区,654200
654200,塔城地区,654200
654200,塔城地区,654200
654200,塔城地区,654200
654200,塔城地区,654200
654200,塔城地区,654200
654200,塔城地区,654200
654300,阿勒泰地区,654300
654300,阿勒泰地区,654300
654300,阿勒泰地区,654300
654300,阿勒泰地区,654300
654300,阿勒泰地区,654300
654300,阿勒泰地区,654300
654300,阿勒泰地区,654300
654300,阿勒泰地区,654300
659001,石河子市,659001
659002,阿拉尔市,659002
659003,图木舒克市,659003
659004,五家渠市,659004
659005,北屯市,659005
659006,铁门关市,659006
659007,双河市,659007
659008,可克达拉市,659008
659009,昆玉市,659009
810000,香港,810000
810000,香港,810000
810000,香港,810000
810000,香港,810000
810000,香港,810000
810000,香港,810000
810000,香港,810000
810000,香港,810000
810000,香港,810000
810000,香港,810000
810000,香港,810000
810000,香港,810000
810000,香港,810000
810000,香港,810000
810000,香港,810000
810000,香港,810000
810000,香港,810000
810000,香港,810000
810000,香港,810000
810000,香港,810000
820000,澳门,820000
820000,澳门,820000
820000,澳门,820000
820000,澳门,820000
820000,澳门,820000
820000,澳门,820000
820000,澳门,820000
820000,澳门,820000
820000,澳门,820000
710100,台北市,710100
710100,台北市,710100
710100,台北市,710100
710100,台北市,710100
710100,台北市,710100
710100,台北市,710100
710100,台北市,710100
710100,台北市,710100
710100,台北市,710100
710100,台北市,710100
710100,台北市,710100
710100,台北市,710100
710100,台北市,710100
710200,高雄市,710200
710200,高雄市,710200
710200,高雄市,710200
710200,高雄市,710200
710200,高雄市,710200
710200,高雄市,710200
710200,高雄市,710200
710200,高雄市,710200
710200,高雄市,710200
710200,高雄市,710200
710200,高雄市,710200
710200,高雄市,710200
710200,高雄市,710200
710200,高雄市,710200
710200,高雄市,710200
710200,高雄市,710200
710200,高雄市,710200
710200,高雄市,710200
710200,高雄市,710200
710200,高雄市,710200
710200,高雄市,710200
710200,高雄市,710200
710200,高雄市,710200
710200,高雄市,710200
710200,高雄市,710200
710200,高雄市,710200
710200,高雄市,710200
710200,高雄市,710200
710200,高雄市,710200
710200,高雄市,710200
710200,高雄市,710200
710200,高雄市,710200
710200,高雄市,710200
710200,高雄市,710200
710200,高雄市,710200
710200,高雄市,710200
710200,高雄市,710200
710200,高雄市,710200
710200,高雄市,710200
710300,新北市,710300
710300,新北市,710300
710300,新北市,710300
710300,新北市,710300
710300,新北市,710300
710300,新北市,710300
710300,新北市,710300
710300,新北市,710300
710300,新北市,710300
710300,新北市,710300
710300,新北市,710300
710300,新北市,710300
710300,新北市,710300
710300,新北市,710300
710300,新北市,710300
710300,新北市,710300
710300,新北市,710300
710300,新北市,710300
710300,新北市,710300
710300,新北市,710300
710300,新北市,710300
710300,新北市,710300
710300,新北市,710300
710300,新北市,710300
710300,新北市,710300
710300,新北市,710300
710300,新北市,710300
710300,新北市,710300
710300,新北市,710300
710300,新北市,710300
710400,台中市,710400
710400,台中市,710400
710400,台中市,710400
710400,台中市,710400
710400,台中市,710400
710400,台中市,710400
710400,台中市,710400
710400,台中市,710400
710400,台中市,710400
710400,台中市,710400
710400,台中市,710400
710400,台中市,710400
710400,台中市,710400
710400,台中市,710400
710400,台中市,710400
710400,台中市,710400
710400,台中市,710400
710400,台中市,710400
710400,台中市,710400
710400,台中市,710400
710400,台中市,710400
710400,台中市,710400
710400,台中市,710400
710400,台中市,710400
710400,台中市,710400
710400,台中市,710400
710400,台中市,710400
710400,台中市,710400
710400,台中市,710400
710400,台中市,710400
710500,台南市,710500
710500,台南市,710500
710500,台南市,710500
710500,台南市,710500
710500,台南市,710500
710500,台南市,710500
710500,台南市,710500
710500,台南市,710500
710500,台南市,710500
710500,台南市,710500
710500,台南市,710500
710500,台南市,710500
710500,台南市,710500
710500,台南市,710500
710500,台南市,710500
710500,台南市,710500
710500,台南市,710500
710500,台南市,710500
710500,台南市,710500
710500,台南市,710500
710500,台南市,710500
710500,台南市,710500
710500,台南市,710500
710500,台南市,710500
710500,台南市,710500
710500,台南市,710500
710500,台南市,710500
710500,台南市,710500
710500,台南市,710500
710500,台南市,710500
710500,台南市,710500
710500,台南市,710500
710500,台南市,710500
710500,台南市,710500
710500,台南市,710500
710500,台南市,710500
710500,台南市,710500
710500,台南市,710500
710600,桃园市,710600
710600,桃园市,710600
710600,桃园市,710600
710600,桃园市,710600
710600,桃园市,710600
710600,桃园市,710600
710600,桃园市,710600
710600,桃园市,710600
710600,桃园市,710600
710600,桃园市,710600
710600,桃园市,710600
710600,桃园市,710600
710600,桃园市,710600
710600,桃园市,710600
719001,基隆市,719001
719002,新竹市,719002
719003,嘉义市,719003
719004,新竹县,719004
719005,宜兰县,719005
719006,苗栗县,719006
719007,彰化县,719007
719008,云林县,719008
719009,南投县,719009
719010,嘉义县,719010
719011,屏东县,719011
719012,台东县,719012
719013,花莲县,719013
719014,澎湖县,719014
